{
  "mse": 0.2996469736099243,
  "mae": 0.32838624715805054,
  "n_windows": 14,
  "horizon": 336
}