{
  "mse": 0.3469448983669281,
  "mae": 0.3352433741092682,
  "n_windows": 49,
  "horizon": 96
}