{
  "mse": 0.3539621829986572,
  "mae": 0.3702124357223511,
  "n_windows": 6,
  "horizon": 720
}