{
  "mse": 0.30349093675613403,
  "mae": 0.3229788839817047,
  "n_windows": 24,
  "horizon": 192
}