{
  "mse": 0.09025275707244873,
  "mae": 0.23625867068767548,
  "n_windows": 12,
  "horizon": 192
}