{
  "mse": 0.30216526985168457,
  "mae": 0.4353613257408142,
  "n_windows": 3,
  "horizon": 720
}