{
  "mse": 0.16253668069839478,
  "mae": 0.3171449601650238,
  "n_windows": 12,
  "horizon": 192
}