{
  "mse": 0.1485525220632553,
  "mae": 0.30117449164390564,
  "n_windows": 24,
  "horizon": 96
}