{
  "mse": 0.1619974821805954,
  "mae": 0.33581870794296265,
  "n_windows": 3,
  "horizon": 720
}