{
  "mse": 0.13408143818378448,
  "mae": 0.29663413763046265,
  "n_windows": 7,
  "horizon": 336
}