{
  "mse": 0.29549679160118103,
  "mae": 0.45377853512763977,
  "n_windows": 7,
  "horizon": 336
}