{
  "mse": 0.07232284545898438,
  "mae": 0.21304085850715637,
  "n_windows": 24,
  "horizon": 96
}