{
  "mse": 1.0967868566513062,
  "mae": 0.6490187048912048,
  "n_windows": 57,
  "horizon": 192
}