{
  "mse": 0.9470146894454956,
  "mae": 0.6278505325317383,
  "n_windows": 15,
  "horizon": 720
}