{
  "mse": 0.3422311544418335,
  "mae": 0.3760000765323639,
  "n_windows": 114,
  "horizon": 96
}