{
  "mse": 0.35344693064689636,
  "mae": 0.383436918258667,
  "n_windows": 32,
  "horizon": 336
}