{
  "mse": 1.0759570598602295,
  "mae": 0.6379212737083435,
  "n_windows": 114,
  "horizon": 96
}