{
  "mse": 0.661457896232605,
  "mae": 0.521080732345581,
  "n_windows": 15,
  "horizon": 720
}