{
  "mse": 0.36265817284584045,
  "mae": 0.3914562165737152,
  "n_windows": 57,
  "horizon": 192
}