{
  "mse": 0.9988101124763489,
  "mae": 0.6363362669944763,
  "n_windows": 32,
  "horizon": 336
}