{
  "mse": 0.9984287619590759,
  "mae": 0.7858836054801941,
  "n_windows": 1,
  "horizon": 720
}