{
  "mse": 0.23794546723365784,
  "mae": 0.3501226305961609,
  "n_windows": 2,
  "horizon": 336
}