{
  "mse": 0.08739657700061798,
  "mae": 0.20946115255355835,
  "n_windows": 10,
  "horizon": 96
}