{
  "mse": 0.15596289932727814,
  "mae": 0.2827862501144409,
  "n_windows": 5,
  "horizon": 192
}