{
  "mse": 1.1272395849227905,
  "mae": 0.47562265396118164,
  "n_windows": 15,
  "horizon": 192
}