{
  "mse": 1.2334072589874268,
  "mae": 0.5149062275886536,
  "n_windows": 31,
  "horizon": 96
}