{
  "mse": 1.3882750272750854,
  "mae": 0.5472420454025269,
  "n_windows": 8,
  "horizon": 336
}