{
  "mse": 1.2995620965957642,
  "mae": 0.5293658375740051,
  "n_windows": 4,
  "horizon": 720
}