{
  "mse": 0.3067161738872528,
  "mae": 0.283427357673645,
  "n_windows": 52,
  "horizon": 192
}