{
  "mse": 0.34333536028862,
  "mae": 0.3248133659362793,
  "n_windows": 29,
  "horizon": 336
}