{
  "mse": 0.490420937538147,
  "mae": 0.4033408761024475,
  "n_windows": 13,
  "horizon": 720
}