{
  "mse": 0.2463277131319046,
  "mae": 0.24235115945339203,
  "n_windows": 104,
  "horizon": 96
}