{
  "ltsf": {
    "ETTh1_h96": {
      "mse": 0.07232284545898438,
      "mae": 0.21304085850715637,
      "n_windows": 24,
      "horizon": 96
    },
    "ETTh1_h192": {
      "mse": 0.09025275707244873,
      "mae": 0.23625867068767548,
      "n_windows": 12,
      "horizon": 192
    },
    "ETTh1_h336": {
      "mse": 0.13408143818378448,
      "mae": 0.29663413763046265,
      "n_windows": 7,
      "horizon": 336
    },
    "ETTh1_h720": {
      "mse": 0.1619974821805954,
      "mae": 0.33581870794296265,
      "n_windows": 3,
      "horizon": 720
    },
    "ETTh2_h96": {
      "mse": 0.1485525220632553,
      "mae": 0.30117449164390564,
      "n_windows": 24,
      "horizon": 96
    },
    "ETTh2_h192": {
      "mse": 0.16253668069839478,
      "mae": 0.3171449601650238,
      "n_windows": 12,
      "horizon": 192
    },
    "ETTh2_h336": {
      "mse": 0.29549679160118103,
      "mae": 0.45377853512763977,
      "n_windows": 7,
      "horizon": 336
    },
    "ETTh2_h720": {
      "mse": 0.30216526985168457,
      "mae": 0.4353613257408142,
      "n_windows": 3,
      "horizon": 720
    },
    "ETTm1_h96": {
      "mse": 1.0759570598602295,
      "mae": 0.6379212737083435,
      "n_windows": 114,
      "horizon": 96
    },
    "ETTm1_h192": {
      "mse": 1.0967868566513062,
      "mae": 0.6490187048912048,
      "n_windows": 57,
      "horizon": 192
    },
    "ETTm1_h336": {
      "mse": 0.9988101124763489,
      "mae": 0.6363362669944763,
      "n_windows": 32,
      "horizon": 336
    },
    "ETTm1_h720": {
      "mse": 0.9470146894454956,
      "mae": 0.6278505325317383,
      "n_windows": 15,
      "horizon": 720
    },
    "ETTm2_h96": {
      "mse": 0.3422311544418335,
      "mae": 0.3760000765323639,
      "n_windows": 114,
      "horizon": 96
    },
    "ETTm2_h192": {
      "mse": 0.36265817284584045,
      "mae": 0.3914562165737152,
      "n_windows": 57,
      "horizon": 192
    },
    "ETTm2_h336": {
      "mse": 0.35344693064689636,
      "mae": 0.383436918258667,
      "n_windows": 32,
      "horizon": 336
    },
    "ETTm2_h720": {
      "mse": 0.661457896232605,
      "mae": 0.521080732345581,
      "n_windows": 15,
      "horizon": 720
    },
    "ECL_h96": {
      "mse": 0.3469448983669281,
      "mae": 0.3352433741092682,
      "n_windows": 49,
      "horizon": 96
    },
    "ECL_h192": {
      "mse": 0.30349093675613403,
      "mae": 0.3229788839817047,
      "n_windows": 24,
      "horizon": 192
    },
    "ECL_h336": {
      "mse": 0.2996469736099243,
      "mae": 0.32838624715805054,
      "n_windows": 14,
      "horizon": 336
    },
    "ECL_h720": {
      "mse": 0.3539621829986572,
      "mae": 0.3702124357223511,
      "n_windows": 6,
      "horizon": 720
    },
    "Exchange_h96": {
      "mse": 0.08739657700061798,
      "mae": 0.20946115255355835,
      "n_windows": 10,
      "horizon": 96
    },
    "Exchange_h192": {
      "mse": 0.15596289932727814,
      "mae": 0.2827862501144409,
      "n_windows": 5,
      "horizon": 192
    },
    "Exchange_h336": {
      "mse": 0.23794546723365784,
      "mae": 0.3501226305961609,
      "n_windows": 2,
      "horizon": 336
    },
    "Exchange_h720": {
      "mse": 0.9984287619590759,
      "mae": 0.7858836054801941,
      "n_windows": 1,
      "horizon": 720
    },
    "Traffic_h96": {
      "mse": 1.2334072589874268,
      "mae": 0.5149062275886536,
      "n_windows": 31,
      "horizon": 96
    },
    "Traffic_h192": {
      "mse": 1.1272395849227905,
      "mae": 0.47562265396118164,
      "n_windows": 15,
      "horizon": 192
    },
    "Traffic_h336": {
      "mse": 1.3882750272750854,
      "mae": 0.5472420454025269,
      "n_windows": 8,
      "horizon": 336
    },
    "Traffic_h720": {
      "mse": 1.2995620965957642,
      "mae": 0.5293658375740051,
      "n_windows": 4,
      "horizon": 720
    },
    "Weather_h96": {
      "mse": 0.2463277131319046,
      "mae": 0.24235115945339203,
      "n_windows": 104,
      "horizon": 96
    },
    "Weather_h192": {
      "mse": 0.3067161738872528,
      "mae": 0.283427357673645,
      "n_windows": 52,
      "horizon": 192
    },
    "Weather_h336": {
      "mse": 0.34333536028862,
      "mae": 0.3248133659362793,
      "n_windows": 29,
      "horizon": 336
    },
    "Weather_h720": {
      "mse": 0.490420937538147,
      "mae": 0.4033408761024475,
      "n_windows": 13,
      "horizon": 720
    }
  }
}